Show,First Report,Last Report,At Bushnell,Bushnell First,,First report Season,First Bushnell season
& Juliet,9/22/2024,5/31/2026,Yes,5/10/2026,,2025,2026
1776 - 2023,2/19/2023,8/6/2023,No,,,2023,
A Beautiful Noise Pre,6/26/2022,8/7/2022,No,,,2022,
"A Beautiful Noise, The Neil Diamond Musical",9/22/2024,5/31/2026,Yes,10/6/2024,,2025,2025
A Bronx Tale The Musical,7/21/2019,3/8/2020,No,,,2020,
A Christmas Carol 2021,11/21/2021,12/12/2021,No,,,2022,
A Christmas Carol 2021 SF,11/28/2021,12/26/2021,No,,,2022,
A Christmas Story 2019,11/10/2019,12/15/2019,No,,,2020,
A Christmas Story 2021,12/5/2021,1/2/2022,No,,,2022,
A Christmas Story 2025,11/16/2025,12/21/2025,No,,,2026,
A Soldier's Play,12/11/2022,6/25/2023,No,,,2023,
A Wonderful World Pre,10/1/2023,10/29/2023,No,,,2024,
Ain't Too Proud,12/12/2021,7/27/2025,Yes,6/4/2023,,2022,2023
Aladdin,7/21/2019,3/8/2020,No,,,2020,
Aladdin 2022,10/16/2022,5/12/2024,Yes,11/13/2022,,2023,2023
An American in Paris,1/12/2020,3/8/2020,No,,,2020,
An American in Paris 2022,2/6/2022,5/22/2022,No,,,2022,
An Officer and a Gentleman,10/24/2021,6/5/2022,No,,,2022,
Anastasia,7/21/2019,5/21/2023,Yes,1/19/2020,,2020,2020
Annie 2022,10/16/2022,7/28/2024,No,,,2023,
Annie 2024,11/17/2024,5/18/2025,No,,,2025,
BOOP! The Betty Boop Musical Pre,12/3/2023,12/24/2023,No,,,2024,
Back to the Future: The Musical,6/9/2024,5/31/2026,Yes,6/8/2025,,2024,2025
Bandstand,11/3/2019,3/8/2020,No,,,2020,
Beautiful The Carole King Musical,9/22/2019,6/19/2022,No,,,2020,
Beauty and the Beast - 30th Anniversary,7/6/2025,5/31/2026,Yes,4/12/2026,,2026,2026
Beetlejuice,12/11/2022,5/31/2026,Yes,6/2/2024,,2023,2024
Blue Man Group,11/3/2019,2/19/2023,Yes,3/20/2022,,2020,2022
Blue Man Group 2026,1/18/2026,5/31/2026,No,,,2026,
Buddy: The Buddy Holly Story,11/21/2021,12/12/2021,No,,,2022,
Cats 2019,7/21/2019,3/8/2020,No,,,2020,
Cats 2021,10/24/2021,6/18/2023,No,,,2022,
Charlie and the Chocolate Factory,7/21/2019,6/19/2022,No,,,2020,
Chicago 2020,3/8/2020,3/8/2020,No,,,2020,
Chicago 2022,10/23/2022,5/17/2026,No,,,2023,
Cirque Dreams Holidaze 2025,11/23/2025,12/28/2025,No,,,2026,
Cirque Dreams Holidaze 2025 - A,12/7/2025,12/7/2025,No,,,2026,
Cirque Dreams Holidaze 2025 - B,12/7/2025,12/7/2025,No,,,2026,
Cirque Dreams: Holidaze,11/24/2019,12/15/2019,No,,,2020,
Cirque Dreams: Holidaze 2023,12/24/2023,12/31/2023,No,,,2024,
Cirque Dreams: Holidaze II,11/24/2019,12/15/2019,No,,,2020,
Cirque Dreams: Holidaze III,12/1/2019,12/15/2019,No,,,2020,
Clue,3/3/2024,5/31/2026,No,,,2024,
Come From Away,7/21/2019,5/11/2025,Yes,12/25/2022,,2020,2023
Company 2023,10/8/2023,10/6/2024,No,,,2024,
Dear Evan Hansen,7/21/2019,4/27/2025,Yes,4/3/2022,,2020,2022
Death Becomes Her pre,5/12/2024,6/2/2024,No,,,2024,
Dr. Seuss How the Grinch Stole Christmas 2019,11/17/2019,12/15/2019,Yes,12/15/2019,,2020,2020
Dr. Seuss How the Grinch Stole Christmas 2021,11/21/2021,12/12/2021,No,,,2022,
Dr. Seuss How the Grinch Stole Christmas 2022,11/20/2022,12/25/2022,No,,,2023,
Dr. Seuss' How the Grinch Stole Christmas 2023-A,11/26/2023,12/31/2023,No,,,2024,
Dr. Seuss' How the Grinch Stole Christmas 2023-B,11/26/2023,12/31/2023,No,,,2024,
Dr. Seuss' How the Grinch Stole Christmas 2024-Old Max,11/3/2024,12/29/2024,No,,,2025,
Dr. Seuss' How the Grinch Stole Christmas 2024-Young Max,11/10/2024,12/29/2024,No,,,2025,
Dr. Seuss' How the Grinch Stole Christmas 2025,11/23/2025,1/4/2026,No,,,2026,
Elf 2022,11/6/2022,1/1/2023,No,,,2023,
Elf 2024,11/3/2024,12/29/2024,No,,,2025,
Elf 2025,11/2/2025,12/28/2025,No,,,2026,
Escape to Margaritaville,11/3/2019,11/21/2021,No,,,2020,
Fiddler on the Roof 2018,11/3/2019,5/21/2023,No,,,2020,
Finding Neverland,1/12/2020,3/8/2020,No,,,2020,
Freestyle Love Supreme,1/23/2022,8/7/2022,No,,,2022,
Frozen,11/17/2019,9/1/2024,Yes,2/11/2024,,2020,2024
Funny Girl 2023,9/10/2023,4/13/2025,Yes,6/23/2024,,2024,2024
Girl From The North Country,10/8/2023,10/20/2024,No,,,2024,
Hadestown,10/24/2021,5/31/2026,Yes,3/12/2023,,2022,2023
Hairspray 2021,11/21/2021,6/30/2024,No,,,2022,
Hamilton (And Peggy),7/21/2019,8/20/2023,No,,,2020,
Hamilton (Angelica),7/21/2019,5/31/2026,Yes,11/9/2025,,2020,2026
Hamilton (Eliza),7/21/2019,3/20/2022,No,,,2020,
Hamilton (Philip),7/21/2019,6/1/2025,Yes,6/26/2022,,2020,2022
Harry Potter and the Cursed Child,1/19/2020,9/11/2022,No,,,2020,
Harry Potter and the Cursed Child 2024,9/15/2024,5/31/2026,No,,,2025,
"Harry Potter and the Cursed Child, Parts One and Two",10/27/2019,1/12/2020,No,,,2020,
Hell's Kitchen,10/12/2025,5/31/2026,No,,,2026,
"Hello, Dolly! 2018",7/21/2019,3/8/2020,Yes,11/17/2019,,2020,2020
Into the Woods 2023,2/19/2023,7/30/2023,No,,,2023,
Irving Berlins White Christmas 2019,11/10/2019,12/15/2019,No,,,2020,
Jagged Little Pill,9/4/2022,4/7/2024,Yes,5/14/2023,,2023,2023
Jersey Boys 2,7/21/2019,9/25/2022,No,,,2020,
Jesus Christ Superstar 2019,10/6/2019,8/14/2022,Yes,3/1/2020,,2020,2020
Jesus Christ Superstar 2022,10/9/2022,5/5/2024,No,,,2023,
Kimberly Akimbo,9/15/2024,5/17/2026,No,,,2025,
Kinky Boots 2025,11/23/2025,5/31/2026,Yes,3/22/2026,,2026,2026
Latin History for Morons,11/3/2019,12/15/2019,No,,,2020,
Legally Blonde 2022,10/23/2022,5/21/2023,No,,,2023,
Les Miserables 2017,7/21/2019,3/8/2020,No,,,2020,
Les Miserables 2022,10/9/2022,12/31/2023,No,,,2023,
Les Misérables 2022,6/25/2023,5/31/2026,Yes,11/3/2024,,2023,2025
Life of Pi,12/8/2024,10/26/2025,No,,,2025,
Little Women 2024,2/4/2024,5/19/2024,No,,,2024,
MJ,2/9/2025,5/24/2026,No,,,2025,
MJ The Musical,8/6/2023,2/2/2025,Yes,12/15/2024,,2024,2025
Mamma Mia! (25th Anniversary),10/29/2023,5/31/2026,No,,,2024,
Mark Twain Tonight! 2025,12/21/2025,12/21/2025,No,,,2026,
Mean Girls,9/29/2019,6/1/2025,Yes,10/2/2022,,2020,2023
Message In A Bottle,2/11/2024,5/19/2024,No,,,2024,
Million Dollar Quartet Christmas,11/28/2021,12/5/2021,No,,,2022,
Million Dollar Quartet Christmas 2022,12/11/2022,12/25/2022,No,,,2023,
Million Dollar Quartet Christmas 2023,11/26/2023,12/24/2023,No,,,2024,
Miss Saigon 2018,7/21/2019,3/8/2020,No,,,2020,
Moulin Rouge! The Musical,3/20/2022,5/31/2026,Yes,11/26/2023,,2022,2024
Mrs. Doubtfire,9/24/2023,5/31/2026,Yes,10/8/2023,,2024,2024
Mrs. Doubtfire Pre,12/1/2019,12/1/2019,No,,,2020,
My Fair Lady 2019,12/15/2019,8/14/2022,Yes,3/13/2022,,2020,2022
My Fair Lady 2022,10/23/2022,4/21/2024,No,,,2023,
Oklahoma! 2021,11/21/2021,10/23/2022,No,,,2022,
On Your Feet 2022,11/6/2022,4/14/2024,No,,,2023,
Once 2019,11/3/2019,12/15/2019,No,,,2020,
Once Upon a Mattress 2024 (Los Angeles),12/15/2024,1/5/2025,No,,,2025,
Once on This Island 2019,10/13/2019,3/8/2020,No,,,2020,
Parade 2025,1/12/2025,9/7/2025,No,,,2025,
Paradise Square Pre,11/7/2021,12/5/2021,No,,,2022,
Peter Pan 2024,12/24/2023,6/1/2025,No,,,2024,
Peter Pan Goes Wrong,8/13/2023,9/17/2023,No,,,2024,
Plaza Suite Pre,2/9/2020,2/23/2020,No,,,2020,
Pretty Woman: The Musical,10/24/2021,5/11/2025,Yes,5/1/2022,,2022,2022
Purple Rain pre,10/19/2025,11/23/2025,No,,,2026,
R.E.S.P.E.C.T.,10/23/2022,4/2/2023,No,,,2023,
Rain - A Beatles Christmas Tribute 2025,11/23/2025,11/30/2025,No,,,2026,
Rent 20th Anniversary,11/3/2019,3/1/2020,No,,,2020,
Rent 25th Anniversary,11/7/2021,4/24/2022,Yes,11/7/2021,,2022,2022
Riverdance - The New 25th Anniversary Production,1/12/2020,6/11/2023,No,,,2020,
Riverdance 30 - The New Generation,2/2/2025,5/31/2026,No,,,2025,
Rudolph The Red-Nosed Reindeer: The Musical,11/10/2024,12/22/2024,No,,,2025,
SIX: The Musical (Boleyn),2/9/2025,5/31/2026,No,,,2025,
Shrek 2024,2/25/2024,12/29/2024,No,,,2024,
Shucked,10/20/2024,5/31/2026,Yes,3/1/2026,,2025,2026
Six (Aragon),4/3/2022,7/30/2023,Yes,1/22/2023,,2022,2023
Six (Boleyn),9/25/2022,2/2/2025,Yes,1/5/2025,,2023,2025
Some Like it Hot,9/22/2024,4/26/2026,Yes,5/4/2025,,2025,2025
South Pacific 2022,2/13/2022,5/22/2022,No,,,2022,
Spamalot 2025,12/7/2025,5/31/2026,Yes,12/14/2025,,2026,2026
Stereophonic,10/12/2025,5/10/2026,No,,,2026,
Stomp,11/17/2019,5/10/2026,Yes,5/29/2022,,2020,2022
Suffs,9/14/2025,5/31/2026,Yes,2/1/2026,,2026,2026
Summer,10/6/2019,5/29/2022,No,,,2020,
The Addams Family 2025,2/2/2025,11/2/2025,No,,,2025,
The Band's Visit,7/21/2019,3/8/2020,No,,,2020,
The Bands Visit,10/24/2021,7/31/2022,Yes,11/21/2021,,2022,2022
The Book of Mormon (Jumamosi),7/21/2019,3/8/2020,Yes,10/20/2019,,2020,2020
The Book of Mormon 2022,9/25/2022,5/24/2026,No,,,2023,
The Cher Show,11/26/2023,5/4/2025,Yes,3/10/2024,,2024,2024
The Color Purple 2019,11/3/2019,3/8/2020,No,,,2020,
The Devil Wears Prada Pre,7/24/2022,8/21/2022,No,,,2023,
The Great Gatsby,2/1/2026,5/31/2026,No,,,2026,
The Illusionists,11/24/2019,3/8/2020,No,,,2020,
The Kite Runner,4/7/2024,6/30/2024,No,,,2024,
The Last Ship,1/19/2020,3/8/2020,No,,,2020,
The Lion King (Toronto) 2024,11/3/2024,11/3/2024,No,,,2025,
The Lion King Rafiki,7/21/2019,5/31/2026,Yes,11/17/2024,,2020,2025
The Music Man 2026,1/18/2026,5/31/2026,No,,,2026,
The New One,9/29/2019,11/24/2019,No,,,2020,
The Notebook,9/7/2025,5/31/2026,Yes,10/5/2025,,2026,2026
The Outsiders,9/21/2025,5/31/2026,No,,,2026,
The Phantom of the Opera 2025,11/9/2025,5/31/2026,No,,,2026,
The Phantom of the Opera 4,7/21/2019,2/2/2020,No,,,2020,
The Play That Goes Wrong,7/21/2019,3/8/2020,No,,,2020,
The Play That Goes Wrong (DC),7/23/2023,8/13/2023,No,,,2024,
The Prom,11/7/2021,10/2/2022,No,,,2022,
The Queen of Versailles pre,8/11/2024,8/25/2024,No,,,2025,
The Simon and Garfunkel Story,10/31/2021,6/2/2024,Yes,3/12/2023,,2022,2023
The Sound of Music 2025,9/7/2025,5/31/2026,No,,,2026,
The SpongeBob Musical,11/3/2019,3/8/2020,No,,,2020,
The Wiz 2023 Pre,9/24/2023,3/3/2024,No,,,2024,
The Wiz 2025,2/23/2025,5/31/2026,Yes,3/16/2025,,2025,2025
Tina - The Tina Turner Musical,9/18/2022,4/19/2026,Yes,4/16/2023,,2023,2023
To Kill a Mockingbird,4/3/2022,6/30/2024,Yes,7/2/2023,,2022,2024
Tootsie,10/24/2021,6/25/2023,Yes,2/26/2023,,2022,2023
Twas the Night Before… 2024,12/1/2024,12/29/2024,No,,,2025,
Waitress,7/21/2019,6/12/2022,No,,,2020,
Waitress 2022,4/24/2022,6/26/2022,No,,,2022,
Water for Elephants,9/28/2025,5/31/2026,No,,,2026,
We Will Rock You 2019,11/3/2019,2/23/2020,No,,,2020,
What the Constitution Means to Me,9/15/2019,4/3/2022,Yes,1/30/2022,,2020,2022
Wicked 2,7/21/2019,5/31/2026,Yes,4/28/2024,,2020,2024
